member,n_frames,r2,rmse,bias,max_err,min_err,pearson_Re_rmse,corr_ae_sdf,corr_ae_y,L_error,L_truth,L_pred,pred_truth_corr
FPC-const,74,0.9124,0.19001,+8.730e-04,67.9982,-74.5736,nan,-0.078,0.005,0.0291,0.0532,0.0524,0.9553
FPC-sine,44,0.8827,0.23585,+1.748e-03,92.1324,-80.0647,-0.282,-0.076,0.004,0.0391,0.0543,0.0531,0.9396
FPC-ramp,44,0.8513,0.28856,+1.259e-03,100.8083,-93.1771,nan,-0.074,0.004,0.0319,0.0534,0.0523,0.9227
FPC-ou,44,0.8966,0.22555,+9.080e-04,93.5816,-87.9744,0.117,-0.08,0.004,0.0313,0.0527,0.0521,0.947
FPC-telS-A,44,0.8478,0.32029,+8.431e-04,97.6476,-83.3191,nan,-0.071,0.004,0.0316,0.0528,0.0511,0.921
