t,relL2_bare,relL2_closure
0.0,4.668371593443986e-16,4.668371593443986e-16
0.015,0.0006006367801767102,0.00013807807028293442
0.03,0.0012387790131373354,0.0005715748651683414
0.045,0.0018881418316533261,0.01767100346202939
0.06,0.002549283186953007,
