t,relL2_bare,relL2_closure
0.0,5.000842799223811e-16,5.000842799223811e-16
0.06,0.0016230881364711952,0.0001985862605056107
0.12,0.0035746551500235634,0.006850009530931118
0.18,0.007919407507413285,
0.24,0.03802645400934839,
