member,n_frames,r2,rmse,bias,max_err,min_err,pearson_Re_rmse,corr_ae_sdf,corr_ae_y,L_error,L_truth,L_pred,pred_truth_corr
FPC-const,74,0.9239,0.1771,-5.934e-04,67.7758,-76.773,nan,-0.079,0.005,0.0288,0.0532,0.0524,0.9612
FPC-sine,44,0.8961,0.22202,+2.772e-04,91.8137,-80.5897,-0.276,-0.076,0.004,0.0393,0.0543,0.0531,0.9466
FPC-ramp,44,0.8656,0.27434,+6.262e-06,100.1221,-94.2636,nan,-0.074,0.004,0.0315,0.0534,0.0523,0.9304
FPC-ou,44,0.9065,0.21451,-3.898e-04,93.5102,-89.9047,0.116,-0.08,0.004,0.0309,0.0527,0.0521,0.9521
FPC-telS-A,44,0.8629,0.30391,-2.627e-04,97.649,-83.3169,nan,-0.071,0.004,0.031,0.0528,0.0511,0.929
