member,n_frames,r2,rmse,bias,max_err,min_err,pearson_Re_rmse,corr_ae_sdf,corr_ae_y,L_error,L_truth,L_pred,pred_truth_corr
FPC-const,74,0.8984,0.20465,-9.239e-04,68.099,-73.1818,nan,-0.078,0.005,0.0293,0.0532,0.0522,0.9478
FPC-sine,44,0.8663,0.25182,-1.618e-04,92.2857,-79.7951,-0.3,-0.076,0.004,0.0388,0.0543,0.0529,0.9308
FPC-ramp,44,0.834,0.30487,-5.778e-04,101.1614,-92.7158,nan,-0.074,0.004,0.0318,0.0534,0.052,0.9133
FPC-ou,44,0.8852,0.23769,-8.116e-04,93.6085,-93.2441,0.115,-0.081,0.004,0.0312,0.0527,0.052,0.9408
FPC-telS-A,44,0.8308,0.33768,-8.794e-04,97.6444,-87.9975,nan,-0.072,0.004,0.0317,0.0528,0.051,0.9115
