member,n_frames,r2,rmse,bias,max_err,min_err,pearson_Re_rmse,corr_ae_sdf,corr_ae_y,L_error,L_truth,L_pred,pred_truth_corr
FPCape-const,44,0.9843,0.08069,+2.103e-04,7.9905,-13.1526,nan,-0.153,-0.123,0.0444,0.0582,0.0586,0.9921
FPCape-sine,44,0.8886,0.33668,-3.585e-04,195.0306,-139.2176,-0.426,-0.071,-0.057,0.0325,0.0569,0.057,0.9428
FPCape-ramp,44,0.9806,0.09789,-1.374e-04,12.1544,-13.126,nan,-0.158,-0.124,0.0429,0.0571,0.0576,0.9902
FPCape-ou,44,0.9824,0.09965,+1.930e-04,10.9872,-16.2616,-0.034,-0.148,-0.11,0.0333,0.0553,0.0559,0.9912
FPCape-tel,44,0.9816,0.09612,-5.026e-04,10.6736,-14.6629,nan,-0.145,-0.112,0.0337,0.0574,0.0577,0.9908
