t,relL2_bare,relL2_r3only,relL2_closure
0.0,0.0,0.0,0.0
0.015,6.394296683575081e-09,6.159862192569806e-09,8.092098100161001e-08
0.03,1.1166848651001607e-08,1.0627752025563795e-08,3.911842562305065e-07
0.045,1.622454848208586e-08,1.5390219362310916e-08,2.6799037158321086e-06
0.06,2.1357358695472448e-08,2.023241711969149e-08,2.1774650278386557e-05
