t,relL2_bare,relL2_r3only,relL2_closure
0.0,3.2026476036501135e-16,3.2026476036501135e-16,3.2026476036501135e-16
0.015,5.520975299292246e-09,5.246339448902482e-09,8.113718717550926e-08
0.03,1.0670862890783584e-08,1.0102839690034313e-08,3.9405542716768526e-07
0.045,1.5884378458547993e-08,1.5027518518406477e-08,2.708527294730165e-06
0.06,2.1105790523239925e-08,1.996186035829837e-08,2.207535597526632e-05
