member,n_val_frames,r2_global,rmse_global,nll_global,cov_1s,cov_2s,cov_3s,cov1_wake,cov1_freestream,r2_wake,r2_freestream,residual_kurtosis,sign_acc,sign_acc_wake,sign_acc_strong,sign_acc_wake_strong,backscatter_frac_true,spearman_sigma_grad,spearman_abserr_grad,sigma_dyn_range,abserr_dyn_range
FPCape-const,44,0.8534528063820983,76.15063589665036,6.206516258593478,0.9669525280124235,0.9933853715398863,0.9983402309056878,0.9213285595085461,0.9761770333381339,0.934151371365715,0.5842609500457832,76.37167311059922,0.5245938712005492,0.564233673199422,0.5541514030170686,0.6090410440703613,0.49976529999550157,0.17828864479242715,0.4341212615742137,1.0002203742942821,6.853184482470318
FPCape-sine,44,0.7400367496916772,167.83692091336675,6.536488463701606,0.9390242053937973,0.9781808451547161,0.9881109778971271,0.8546868958218857,0.9560759873148739,0.814520183702786,0.4374281851740329,1428.280441241312,0.5327707215656055,0.5869384141714565,0.5652825396887486,0.6388813623616436,0.4998357099968511,0.2217647637956559,0.38985318840577604,1.0006075845897073,7.206441867230308
FPCape-ramp,44,0.8526556635267318,58.5129134475284,6.170274243068152,0.9811296306799846,0.9970204100991412,0.9991252535249007,0.9425607412511375,0.9889277012470572,0.9233581016675785,0.6129891513001386,95.11578164845098,0.5329071409432202,0.5863947447224814,0.5672437516013386,0.6347285128853298,0.49997298505156557,0.3360610666603395,0.4386337369272684,1.0002094233251588,7.787897684046177
FPCape-ou,44,0.8569421436379897,69.0580101547522,6.190785355018209,0.9740731061176512,0.9948957638605022,0.9986873913290083,0.9343599091752215,0.9821025390825915,0.9346391098858644,0.596086727797289,76.37485736625754,0.5299015140106124,0.5812080800327946,0.5636423289281446,0.6355176236330087,0.5004740451132526,0.19398867592728933,0.42038873110545516,1.00015450174619,6.446112876672883
FPCape-tel,44,0.8629608882017084,52.37559050693515,6.15999446234683,0.9861306966091716,0.9979872029822547,0.9993955252488309,0.9617621576990281,0.9910576620689453,0.941156684315461,0.6081666995007105,129.9045571549122,0.533099790530246,0.5942939420105303,0.5707742753148403,0.6527708323862345,0.500692120534099,0.3250103025214516,0.4012397296473967,1.0001791813962704,5.556304798005804
