{
 "results": {
  "FRC-kf4": {
   "Nx": 512,
   "Ny": 512,
   "Lx": 12.566370614359172,
   "nu": 0.0001025,
   "mu": 0.02,
   "beta": 1.0,
   "snap_times": [
    30.0,
    50.0,
    70.0,
    90.0
   ],
   "Rnorm_snapshots": {
    "3": [
     951.1278935439965,
     993.38944542438,
     1200.1849902525116,
     1865.8986045326224
    ],
    "4": [
     4905.516760461155,
     5147.341782242159,
     6850.79587932889,
     10713.130681252065
    ],
    "5": [
     1150320.2079365624,
     1135429.8003830356,
     1622376.7142880158,
     2528792.676320161
    ],
    "6": [
     27652697.555303417,
     23490343.836173717,
     35551281.66575125,
     54689160.1763917
    ]
   },
   "Rnorm_median": {
    "3": 1096.787217838446,
    "4": 5999.068830785524,
    "5": 1386348.4611122892,
    "6": 31601989.610527333
   },
   "fd_rel_median": {
    "1": 0.00034487441160798045,
    "2": 0.00030562528319881744,
    "3": 0.0012932982348788477,
    "4": 0.0008710521947961445,
    "5": 0.0023408735499482027
   },
   "monomial_median": {
    "3": {
     "L^3 w": 0.05576064704551793,
     "L^2 N": 0.3875611441084591,
     "L^1 Ndot": 7.620150650652858,
     "Nddot": 219.32389458081005
    },
    "4": {
     "L^4 w": 0.05421134755007861,
     "L^3 N": 0.4573627495558767,
     "L^2 Ndot": 8.220715577954417,
     "L^1 Nddot": 197.09929003765188,
     "Ndddot": 5970.061237396766
    },
    "5": {
     "L^5 w": 0.07128716119396433,
     "L^4 N": 0.5893231474537896,
     "L^3 Ndot": 10.191914239709687,
     "L^2 Nddot": 231.56903658862763,
     "L^1 Ndddot": 6273.365933107626,
     "N4": 198435.7323297452
    },
    "6": {
     "L^6 w": 0.10746715076013967,
     "L^5 N": 0.7921147313881121,
     "L^4 Ndot": 13.393993359447668,
     "L^3 Nddot": 296.6939547241865,
     "L^2 Ndddot": 7756.56203650507,
     "L^1 N4": 232242.97082973173,
     "N5": 7890746.217776851
    }
   }
  },
  "FRC-256": {
   "Nx": 256,
   "Ny": 256,
   "Lx": 12.566370614359172,
   "nu": 0.0002,
   "mu": 0.02,
   "beta": 1.0,
   "snap_times": [
    30.0,
    50.0,
    70.0,
    90.0
   ],
   "Rnorm_snapshots": {
    "3": [
     713.3441189261698,
     3715.3391303167796,
     3528.8797120202553,
     4931.714036046492
    ],
    "4": [
     3039.3756052836166,
     23879.81432330113,
     22751.138788819157,
     36941.493479295605
    ],
    "5": [
     501281.7010014085,
     6123890.225886559,
     6196258.825205015,
     11775062.00044594
    ],
    "6": [
     7365108.220348489,
     142170171.18529996,
     160211827.60944766,
     367952241.65124875
    ]
   },
   "Rnorm_median": {
    "3": 3622.1094211685177,
    "4": 23315.476556060145,
    "5": 6160074.525545787,
    "6": 151190999.3973738
   },
   "fd_rel_median": {
    "1": 0.0005327693500785352,
    "2": 0.0004056987785804985,
    "3": 0.0016268613332337952,
    "4": 0.0011585558207039249,
    "5": 0.0033671048217034996
   },
   "monomial_median": {
    "3": {
     "L^3 w": 0.21605319058736805,
     "L^2 N": 0.2953439909533089,
     "L^1 Ndot": 12.645560304116897,
     "Nddot": 724.4679718091468
    },
    "4": {
     "L^4 w": 0.15557311243767621,
     "L^3 N": 0.1846005857322211,
     "L^2 Ndot": 7.302683774862773,
     "L^1 Nddot": 381.99565376322187,
     "Ndddot": 23319.929762401553
    },
    "5": {
     "L^5 w": 0.14736567068889916,
     "L^4 N": 0.1404159994658859,
     "L^3 Ndot": 4.622261112640622,
     "L^2 Nddot": 233.2865637756047,
     "L^1 Ndddot": 13417.179617294316,
     "N4": 880727.3698824976
    },
    "6": {
     "L^6 w": 0.21894944280632758,
     "L^5 N": 0.1690010802674319,
     "L^4 Ndot": 3.050931359381847,
     "L^3 Nddot": 151.08478628736128,
     "L^2 Ndddot": 8441.675021663432,
     "L^1 N4": 527505.5127059626,
     "N5": 37826387.91584602
    }
   }
  },
  "FRC-combo": {
   "Nx": 512,
   "Ny": 512,
   "Lx": 12.566370614359172,
   "nu": 4e-05,
   "mu": 0.02,
   "beta": 0.5,
   "snap_times": [
    30.0,
    50.0,
    70.0,
    90.0
   ],
   "Rnorm_snapshots": {
    "3": [
     6130.086685780657,
     5955.594932613488,
     3151.8386338420205,
     3511.6028104251914
    ],
    "4": [
     48117.84356678087,
     46127.63701674959,
     20320.483385935364,
     24082.849354857513
    ],
    "5": [
     15894518.892978381,
     14908475.188837372,
     5423822.006943722,
     6714763.668302513
    ],
    "6": [
     488283235.83560956,
     444913783.5355004,
     135997268.1269894,
     169308056.29507524
    ]
   },
   "Rnorm_median": {
    "3": 4733.59887151934,
    "4": 35105.243185803556,
    "5": 10811619.428569943,
    "6": 307110919.91528785
   },
   "fd_rel_median": {
    "1": 0.0006733556140679886,
    "2": 0.0005260389885921035,
    "3": 0.002088407326306522,
    "4": 0.0014327387872416063,
    "5": 0.003977608894037248
   },
   "monomial_median": {
    "3": {
     "L^3 w": 0.012024211158834971,
     "L^2 N": 0.23941083719883421,
     "L^1 Ndot": 12.627349348729066,
     "Nddot": 946.695526731135
    },
    "4": {
     "L^4 w": 0.006252971545286734,
     "L^3 N": 0.12060821392636666,
     "L^2 Ndot": 6.018448058323808,
     "L^1 Nddot": 411.09466345439307,
     "Ndddot": 35084.91821476185
    },
    "5": {
     "L^5 w": 0.00406263473832779,
     "L^4 N": 0.06399717092538518,
     "L^3 Ndot": 3.1016233409630747,
     "L^2 Nddot": 203.0431641561025,
     "L^1 Ndddot": 16397.60818428255,
     "N4": 1544932.6794915395
    },
    "6": {
     "L^6 w": 0.0032555945538061274,
     "L^5 N": 0.034923129719007885,
     "L^4 Ndot": 1.659355829209892,
     "L^3 Nddot": 105.9444334741405,
     "L^2 Ndddot": 8307.54633713833,
     "L^1 N4": 751874.0990799192,
     "N5": 76783386.24582292
    }
   }
  }
 },
 "summary": {
  "FRC-kf4": {
   "raw_R3_over_R4": 0.18282624333463957,
   "raw_R4_over_R5": 0.004327244555796871,
   "Rnorm_median": {
    "3": 1096.787217838446,
    "4": 5999.068830785524,
    "5": 1386348.4611122892,
    "6": 31601989.610527333
   },
   "fd_rel_median": {
    "1": 0.00034487441160798045,
    "2": 0.00030562528319881744,
    "3": 0.0012932982348788477,
    "4": 0.0008710521947961445,
    "5": 0.0023408735499482027
   },
   "per_dT": {
    "0.005": {
     "term3": 1.1424866852483814e-05,
     "term4": 1.5622575080170637e-07,
     "term5": 1.8051412254066268e-08,
     "term6": 3.429035331003401e-10,
     "term3_over_term4": 73.13049733385584,
     "term4_over_term5": 8.654489111593742,
     "predicted_ceiling_345": 66.55573118221804,
     "predicted_ceiling_3456": 66.42699860138423,
     "measured_r3anal_kf4": 71.38962720643359,
     "measured_r3anal_kf4_third23": 9.487026186775081
    },
    "0.01": {
     "term3": 9.139893481987051e-05,
     "term4": 2.499612012827302e-06,
     "term5": 5.776451921301206e-07,
     "term6": 2.1945826118421765e-08,
     "term3_over_term4": 36.56524866692792,
     "term4_over_term5": 4.327244555796871,
     "predicted_ceiling_345": 30.70142849048431,
     "predicted_ceiling_3456": 30.491109134641842,
     "measured_r3anal_kf4": 35.146165909365074,
     "measured_r3anal_kf4_third23": 16.26832298136646
    },
    "0.015": {
     "term3": 0.00030847140501706285,
     "term4": 1.2654285814938214e-05,
     "term5": 4.386493177738102e-06,
     "term6": 2.499766756301478e-07,
     "term3_over_term4": 24.376832444618607,
     "term4_over_term5": 2.8848297038645807,
     "predicted_ceiling_345": 19.10195444408004,
     "predicted_ceiling_3456": 18.840250069722714,
     "measured_r3anal_kf4": 132.5917919034834,
     "measured_r3anal_kf4_third23": 23.61311983471074
    }
   }
  },
  "FRC-256": {
   "raw_R3_over_R4": 0.15535215042503864,
   "raw_R4_over_R5": 0.0037849341691193867,
   "Rnorm_median": {
    "3": 3622.1094211685177,
    "4": 23315.476556060145,
    "5": 6160074.525545787,
    "6": 151190999.3973738
   },
   "fd_rel_median": {
    "1": 0.0005327693500785352,
    "2": 0.0004056987785804985,
    "3": 0.0016268613332337952,
    "4": 0.0011585558207039249,
    "5": 0.0033671048217034996
   },
   "per_dT": {
    "0.005": {
     "term3": 3.77303064705054e-05,